,,,Shares,Value of
,,Average,Purchased as Part,Shares That May Yet
,Total Number,Price,of Publicly,Be Purchased
,of Shares,Paid Per,Announced Plans,Under the Plans or
,,,,(1)
Periods,Purchased,Share,or Programs,Programs
"June 29, 2025 to August 2, 2025:",,,,
Open market and privately negotiated purchases,"33,265",210.43,"33,265",
"August 3, 2025 to August 30, 2025:",,,,
Open market and privately negotiated purchases,"28,986",224.25,"28,986",
"August 31, 2025 to September 27, 2025:",,,,
Open market and privately negotiated purchases,"27,247",238.56,"27,247",
Total,"89,498",,,"$ 99,779"
