page,label,occurrence,position,part2,textract,status
32,basic,0,0,7.49,7.49,match
32,basic,0,1,6.11,6.11,match
32,basic,0,2,6.16,6.16,match
32,basic,1,0,14948500000.0,14948500000.0,match
32,basic,1,1,15343783000.0,15343783000.0,match
32,basic,1,2,15744231000.0,15744231000.0,match
32,diluted,0,0,7.46,7.46,match
32,diluted,0,1,6.08,6.08,match
32,diluted,0,2,6.13,6.13,match
32,diluted,1,0,15004697000.0,15004697000.0,match
32,diluted,1,1,15408095000.0,15408095000.0,match
32,diluted,1,2,15812547000.0,15812547000.0,match
32,grossmargin,0,0,195201000000.0,195201000000.0,match
32,grossmargin,0,1,180683000000.0,180683000000.0,match
32,grossmargin,0,2,169148000000.0,169148000000.0,match
32,incomebeforeprovisionforincometaxes,0,0,132729000000.0,132729000000.0,match
32,incomebeforeprovisionforincometaxes,0,1,123485000000.0,123485000000.0,match
32,incomebeforeprovisionforincometaxes,0,2,113736000000.0,113736000000.0,match
32,netincome,0,0,112010000000.0,112010000000.0,match
32,netincome,0,1,93736000000.0,93736000000.0,match
32,netincome,0,2,96995000000.0,96995000000.0,match
32,operatingincome,0,0,133050000000.0,133050000000.0,match
32,operatingincome,0,1,123216000000.0,123216000000.0,match
32,operatingincome,0,2,114301000000.0,114301000000.0,match
32,otherincomeexpensenet,0,0,-321000000.0,-321000000.0,match
32,otherincomeexpensenet,0,1,269000000.0,269000000.0,match
32,otherincomeexpensenet,0,2,-565000000.0,-565000000.0,match
32,products,0,0,307003000000.0,307003000000.0,match
32,products,0,1,294866000000.0,294866000000.0,match
32,products,0,2,298085000000.0,298085000000.0,match
32,products,1,0,194116000000.0,194116000000.0,match
32,products,1,1,185233000000.0,185233000000.0,match
32,products,1,2,189282000000.0,189282000000.0,match
32,provisionforincometaxes,0,0,20719000000.0,20719000000.0,match
32,provisionforincometaxes,0,1,29749000000.0,29749000000.0,match
32,provisionforincometaxes,0,2,16741000000.0,16741000000.0,match
32,researchanddevelopment,0,0,34550000000.0,34550000000.0,match
32,researchanddevelopment,0,1,31370000000.0,31370000000.0,match
32,researchanddevelopment,0,2,29915000000.0,29915000000.0,match
32,sellinggeneralandadministrative,0,0,27601000000.0,27601000000.0,match
32,sellinggeneralandadministrative,0,1,26097000000.0,26097000000.0,match
32,sellinggeneralandadministrative,0,2,24932000000.0,24932000000.0,match
32,services,0,0,109158000000.0,109158000000.0,match
32,services,0,1,96169000000.0,96169000000.0,match
32,services,0,2,85200000000.0,85200000000.0,match
32,services,1,0,26844000000.0,26844000000.0,match
32,services,1,1,25119000000.0,25119000000.0,match
32,services,1,2,24855000000.0,24855000000.0,match
32,totalcostofsales,0,0,220960000000.0,220960000000.0,match
32,totalcostofsales,0,1,210352000000.0,210352000000.0,match
32,totalcostofsales,0,2,214137000000.0,214137000000.0,match
32,totalnetsales,0,0,416161000000.0,416161000000.0,match
32,totalnetsales,0,1,391035000000.0,391035000000.0,match
32,totalnetsales,0,2,383285000000.0,383285000000.0,match
32,totaloperatingexpenses,0,0,62151000000.0,62151000000.0,match
32,totaloperatingexpenses,0,1,57467000000.0,57467000000.0,match
32,totaloperatingexpenses,0,2,54847000000.0,54847000000.0,match
34,accountspayable,0,0,69860000000.0,69860000000.0,match
34,accountspayable,0,1,68960000000.0,68960000000.0,match
34,accountsreceivablenet,0,0,39777000000.0,39777000000.0,match
34,accountsreceivablenet,0,1,33410000000.0,33410000000.0,match
34,accumulateddeficit,0,0,-14264000000.0,-14264000000.0,match
34,accumulateddeficit,0,1,-19154000000.0,-19154000000.0,match
34,accumulatedothercomprehensiveloss,0,0,-5571000000.0,-5571000000.0,match
34,accumulatedothercomprehensiveloss,0,1,-7172000000.0,-7172000000.0,match
34,cashandcashequivalents,0,0,35934000000.0,35934000000.0,match
34,cashandcashequivalents,0,1,29943000000.0,29943000000.0,match
34,commercialpaper,0,0,7979000000.0,7979000000.0,match
34,commercialpaper,0,1,9967000000.0,9967000000.0,match
34,commonstockandadditionalpaidincapitalparvaluesharesauthorizedandsharesissuedandoutstandingrespectively,0,0,93568000000.0,93568000000.0,match
34,commonstockandadditionalpaidincapitalparvaluesharesauthorizedandsharesissuedandoutstandingrespectively,0,1,83276000000.0,83276000000.0,match
34,deferredrevenue,0,0,9055000000.0,9055000000.0,match
34,deferredrevenue,0,1,8249000000.0,8249000000.0,match
34,inventories,0,0,5718000000.0,5718000000.0,match
34,inventories,0,1,7286000000.0,7286000000.0,match
34,marketablesecurities,0,0,18763000000.0,18763000000.0,match
34,marketablesecurities,0,1,35228000000.0,35228000000.0,match
34,marketablesecurities,1,0,77723000000.0,77723000000.0,match
34,marketablesecurities,1,1,91479000000.0,91479000000.0,match
34,othercurrentassets,0,0,14585000000.0,14585000000.0,match
34,othercurrentassets,0,1,14287000000.0,14287000000.0,match
34,othercurrentliabilities,0,0,66387000000.0,66387000000.0,match
34,othercurrentliabilities,0,1,78304000000.0,78304000000.0,match
34,othernoncurrentassets,0,0,83727000000.0,83727000000.0,match
34,othernoncurrentassets,0,1,74834000000.0,74834000000.0,match
34,othernoncurrentliabilities,0,0,41549000000.0,41549000000.0,match
34,othernoncurrentliabilities,0,1,45888000000.0,45888000000.0,match
34,propertyplantandequipmentnet,0,0,49834000000.0,49834000000.0,match
34,propertyplantandequipmentnet,0,1,45680000000.0,45680000000.0,match
34,termdebt,0,0,12350000000.0,12350000000.0,match
34,termdebt,0,1,10912000000.0,10912000000.0,match
34,termdebt,1,0,78328000000.0,78328000000.0,match
34,termdebt,1,1,85750000000.0,85750000000.0,match
34,totalassets,0,0,359241000000.0,359241000000.0,match
34,totalassets,0,1,364980000000.0,364980000000.0,match
34,totalcurrentassets,0,0,147957000000.0,147957000000.0,match
34,totalcurrentassets,0,1,152987000000.0,152987000000.0,match
34,totalcurrentliabilities,0,0,165631000000.0,165631000000.0,match
34,totalcurrentliabilities,0,1,176392000000.0,176392000000.0,match
34,totalliabilities,0,0,285508000000.0,285508000000.0,match
34,totalliabilities,0,1,308030000000.0,308030000000.0,match
34,totalliabilitiesandshareholdersequity,0,0,359241000000.0,359241000000.0,match
34,totalliabilitiesandshareholdersequity,0,1,364980000000.0,364980000000.0,match
34,totalnoncurrentassets,0,0,211284000000.0,211284000000.0,match
34,totalnoncurrentassets,0,1,211993000000.0,211993000000.0,match
34,totalnoncurrentliabilities,0,0,119877000000.0,119877000000.0,match
34,totalnoncurrentliabilities,0,1,131638000000.0,131638000000.0,match
34,totalshareholdersequity,0,0,73733000000.0,73733000000.0,match
34,totalshareholdersequity,0,1,56950000000.0,56950000000.0,match
34,vendornontradereceivables,0,0,33180000000.0,33180000000.0,match
34,vendornontradereceivables,0,1,32833000000.0,32833000000.0,match
