stem,scope,format,bytes,chars,approx_tokens
AAPL_10K_20240928,full document,jsonl,811191,809410,202352
AAPL_10K_20240928,full document,md,248304,246677,61669
AAPL_10K_20240928,full document,txt,204869,203242,50810
AAPL_10K_20250927,full document,jsonl,795499,793536,198384
AAPL_10K_20250927,full document,md,249975,248250,62062
AAPL_10K_20250927,full document,txt,207509,205784,51446
AAPL_10K_20250927,pages 31-34,jsonl,30565,30539,7635
AAPL_10K_20250927,pages 31-34,md,6449,6439,1610
AAPL_10K_20250927,pages 31-34,txt,4771,4761,1190
