doc_id,stem,page,statement,method,n_tables,n_rows,n_cols,accuracy,whitespace_raw,whitespace,coverage,label_merge,score,valid_shape,seconds,error
0000320193-24-000123,AAPL_10K_20240928,32,income,camelot-lattice,6,4,3,100.0,0.0,0.0,0.121,0.25,100.0,False,0.5,
0000320193-24-000123,AAPL_10K_20240928,32,income,camelot-stream,1,27,4,99.64,47.09,18.52,0.909,0.0,90.38,True,0.051,
0000320193-24-000123,AAPL_10K_20240928,32,income,camelot-network,1,22,3,100.0,42.42,3.03,0.606,1.0,98.48,False,0.573,
0000320193-24-000123,AAPL_10K_20240928,32,income,camelot-hybrid,6,4,3,100.0,0.0,0.0,0.121,0.25,100.0,False,0.342,
0000320193-24-000123,AAPL_10K_20240928,32,income,pdfplumber-text,1,32,7,,,44.2,0.909,0.0,,True,0.161,
0000320193-24-000123,AAPL_10K_20240928,33,comprehensive_income,camelot-lattice,4,2,3,92.84,44.44,16.67,0.051,0.0,84.5,False,0.389,
0000320193-24-000123,AAPL_10K_20240928,33,comprehensive_income,camelot-stream,1,16,4,98.15,50.0,21.88,0.846,0.0,87.21,True,0.038,
0000320193-24-000123,AAPL_10K_20240928,33,comprehensive_income,camelot-network,1,18,4,98.42,55.64,27.78,0.846,0.0,84.53,True,0.043,
0000320193-24-000123,AAPL_10K_20240928,33,comprehensive_income,camelot-hybrid,4,2,3,92.84,44.44,16.67,0.051,0.0,84.5,False,0.393,
0000320193-24-000123,AAPL_10K_20240928,33,comprehensive_income,pdfplumber-text,1,21,6,,,46.03,0.846,0.0,,True,0.156,
0000320193-24-000123,AAPL_10K_20240928,34,balance,camelot-lattice,5,7,2,100.0,0.0,0.0,0.108,1.0,100.0,False,0.448,
0000320193-24-000123,AAPL_10K_20240928,34,balance,camelot-stream,1,16,3,98.35,44.71,12.5,0.4,0.0,92.1,False,0.058,
0000320193-24-000123,AAPL_10K_20240928,34,balance,camelot-network,1,39,3,97.35,48.78,18.8,0.862,0.0,87.95,True,0.127,
0000320193-24-000123,AAPL_10K_20240928,34,balance,camelot-hybrid,5,7,2,100.0,0.0,0.0,0.108,1.0,100.0,False,0.434,
0000320193-24-000123,AAPL_10K_20240928,34,balance,pdfplumber-text,1,41,7,,,49.48,0.892,0.029,,True,0.173,
0000320193-24-000123,AAPL_10K_20240928,35,equity,camelot-lattice,3,5,2,100.0,16.67,0.0,0.083,1.0,100.0,False,0.389,
0000320193-24-000123,AAPL_10K_20240928,35,equity,camelot-stream,1,23,4,98.97,45.96,15.22,0.9,0.0,91.36,True,0.096,
0000320193-24-000123,AAPL_10K_20240928,35,equity,camelot-network,1,24,4,98.05,50.55,17.71,0.9,0.0,89.19,True,0.053,
0000320193-24-000123,AAPL_10K_20240928,35,equity,camelot-hybrid,4,24,4,98.05,50.55,17.71,0.9,0.0,89.19,True,0.337,
0000320193-24-000123,AAPL_10K_20240928,35,equity,pdfplumber-text,1,27,9,,,52.67,0.933,0.0,,True,0.147,
0000320193-24-000123,AAPL_10K_20240928,36,cash_flows,camelot-lattice,7,8,3,100.0,8.33,8.33,0.147,0.857,95.83,False,0.406,
0000320193-24-000123,AAPL_10K_20240928,36,cash_flows,camelot-stream,1,38,4,99.44,48.12,15.13,0.947,0.0,91.88,True,0.097,
0000320193-24-000123,AAPL_10K_20240928,36,cash_flows,camelot-network,1,40,4,99.36,50.87,18.12,0.947,0.0,90.3,True,0.112,
0000320193-24-000123,AAPL_10K_20240928,36,cash_flows,camelot-hybrid,7,40,4,99.36,50.87,18.12,0.947,0.0,90.3,True,0.531,
0000320193-24-000123,AAPL_10K_20240928,36,cash_flows,pdfplumber-text,1,41,8,,,49.39,1.0,0.0,,True,0.33,
0000320193-25-000079,AAPL_10K_20250927,32,income,camelot-lattice,6,5,3,100.0,0.0,0.0,0.152,1.0,100.0,False,0.427,
0000320193-25-000079,AAPL_10K_20250927,32,income,camelot-stream,1,27,4,99.64,47.09,18.52,0.909,0.0,90.38,True,0.044,
0000320193-25-000079,AAPL_10K_20250927,32,income,camelot-network,1,22,3,100.0,42.42,3.03,0.606,1.0,98.48,False,0.064,
0000320193-25-000079,AAPL_10K_20250927,32,income,camelot-hybrid,6,5,3,100.0,0.0,0.0,0.152,1.0,100.0,False,0.951,
0000320193-25-000079,AAPL_10K_20250927,32,income,pdfplumber-text,1,32,7,,,44.2,0.909,0.0,,True,0.165,
0000320193-25-000079,AAPL_10K_20250927,33,comprehensive_income,camelot-lattice,4,3,3,100.0,0.0,0.0,0.154,1.0,100.0,False,0.344,
0000320193-25-000079,AAPL_10K_20250927,33,comprehensive_income,camelot-stream,1,16,4,98.02,50.0,21.88,0.846,0.0,87.08,True,0.037,
0000320193-25-000079,AAPL_10K_20250927,33,comprehensive_income,camelot-network,1,18,4,98.42,55.64,27.78,0.846,0.0,84.53,True,0.044,
0000320193-25-000079,AAPL_10K_20250927,33,comprehensive_income,camelot-hybrid,4,3,3,100.0,0.0,0.0,0.154,1.0,100.0,False,0.378,
0000320193-25-000079,AAPL_10K_20250927,33,comprehensive_income,pdfplumber-text,1,21,5,,,38.1,0.846,0.0,,True,0.133,
0000320193-25-000079,AAPL_10K_20250927,34,balance,camelot-lattice,5,7,2,100.0,0.0,0.0,0.108,1.0,100.0,False,0.381,
0000320193-25-000079,AAPL_10K_20250927,34,balance,camelot-stream,1,16,3,98.35,44.71,12.5,0.4,0.0,92.1,False,0.1,
0000320193-25-000079,AAPL_10K_20250927,34,balance,camelot-network,1,39,3,97.35,48.78,18.8,0.862,0.0,87.95,True,0.086,
0000320193-25-000079,AAPL_10K_20250927,34,balance,camelot-hybrid,5,7,2,100.0,0.0,0.0,0.108,1.0,100.0,False,0.425,
0000320193-25-000079,AAPL_10K_20250927,34,balance,pdfplumber-text,1,41,7,,,49.48,0.892,0.029,,True,0.201,
0000320193-25-000079,AAPL_10K_20250927,35,equity,camelot-lattice,3,6,2,100.0,0.0,0.0,0.1,0.667,100.0,False,0.392,
0000320193-25-000079,AAPL_10K_20250927,35,equity,camelot-stream,1,23,4,98.98,45.96,15.22,0.9,0.0,91.37,True,0.062,
0000320193-25-000079,AAPL_10K_20250927,35,equity,camelot-network,1,24,4,98.05,50.55,17.71,0.9,0.0,89.19,True,0.131,
0000320193-25-000079,AAPL_10K_20250927,35,equity,camelot-hybrid,4,24,4,98.05,50.55,17.71,0.9,0.0,89.19,True,0.364,
0000320193-25-000079,AAPL_10K_20250927,35,equity,pdfplumber-text,1,27,9,,,53.91,0.95,0.0,,True,0.157,
0000320193-25-000079,AAPL_10K_20250927,36,cash_flows,camelot-lattice,7,8,3,100.0,0.0,0.0,0.168,1.0,100.0,False,0.444,
0000320193-25-000079,AAPL_10K_20250927,36,cash_flows,camelot-stream,1,38,4,99.44,48.12,15.13,0.947,0.0,91.88,True,0.09,
0000320193-25-000079,AAPL_10K_20250927,36,cash_flows,camelot-network,1,40,4,99.36,50.87,18.12,0.947,0.0,90.3,True,0.166,
0000320193-25-000079,AAPL_10K_20250927,36,cash_flows,camelot-hybrid,7,40,4,99.36,50.87,18.12,0.947,0.0,90.3,True,0.443,
0000320193-25-000079,AAPL_10K_20250927,36,cash_flows,pdfplumber-text,1,41,8,,,49.7,1.0,0.0,,True,0.327,
