doc_id,stem,page,statement,decision,method,ruled,ruling_lines,order,n_rows,n_cols,accuracy,whitespace,coverage,label_merge,score,money_scale,shares_scale,bbox,raw_csv,norm_csv
0000320193-24-000123,AAPL_10K_20240928,32,income,accepted,camelot-stream,False,2,stream>network>lattice,27,4,99.64,18.52,0.909,0.0,90.38,1000000,1000,"[0.0, 99.79, 612.0, 503.91]",AAPL_10K_20240928_p0032_income.raw.csv,AAPL_10K_20240928_p0032_income.norm.csv
0000320193-24-000123,AAPL_10K_20240928,33,comprehensive_income,accepted,camelot-stream,False,2,stream>network>lattice,16,4,98.15,21.88,0.846,0.0,87.21,1000000,1000000,"[0.0, 88.07, 612.0, 341.16]",AAPL_10K_20240928_p0033_comprehensive_income.raw.csv,AAPL_10K_20240928_p0033_comprehensive_income.norm.csv
0000320193-24-000123,AAPL_10K_20240928,34,balance,accepted,camelot-network,False,2,stream>network>lattice,39,3,97.35,18.8,0.862,0.0,87.95,1000000,1000,"[25.0, 43.91, 604.46, 624.41]",AAPL_10K_20240928_p0034_balance.raw.csv,AAPL_10K_20240928_p0034_balance.norm.csv
0000320193-24-000123,AAPL_10K_20240928,35,equity,accepted,camelot-stream,False,2,stream>network>lattice,23,4,98.97,15.22,0.9,0.0,91.36,1000000,1000000,"[0.0, 87.84, 612.0, 455.16]",AAPL_10K_20240928_p0035_equity.raw.csv,AAPL_10K_20240928_p0035_equity.norm.csv
0000320193-24-000123,AAPL_10K_20240928,36,cash_flows,accepted,camelot-stream,False,2,stream>network>lattice,38,4,99.44,15.13,0.947,0.0,91.88,1000000,1000000,"[0.0, 82.15, 612.0, 610.3]",AAPL_10K_20240928_p0036_cash_flows.raw.csv,AAPL_10K_20240928_p0036_cash_flows.norm.csv
0000320193-25-000079,AAPL_10K_20250927,32,income,accepted,camelot-stream,False,2,stream>network>lattice,27,4,99.64,18.52,0.909,0.0,90.38,1000000,1000,"[0.0, 102.79, 612.0, 527.16]",AAPL_10K_20250927_p0032_income.raw.csv,AAPL_10K_20250927_p0032_income.norm.csv
0000320193-25-000079,AAPL_10K_20250927,33,comprehensive_income,accepted,camelot-stream,False,2,stream>network>lattice,16,4,98.02,21.88,0.846,0.0,87.08,1000000,1000000,"[0.0, 90.32, 612.0, 353.91]",AAPL_10K_20250927_p0033_comprehensive_income.raw.csv,AAPL_10K_20250927_p0033_comprehensive_income.norm.csv
0000320193-25-000079,AAPL_10K_20250927,34,balance,accepted,camelot-network,False,2,stream>network>lattice,39,3,97.35,18.8,0.862,0.0,87.95,1000000,1000,"[25.0, 43.91, 604.46, 658.16]",AAPL_10K_20250927_p0034_balance.raw.csv,AAPL_10K_20250927_p0034_balance.norm.csv
0000320193-25-000079,AAPL_10K_20250927,35,equity,accepted,camelot-stream,False,2,stream>network>lattice,23,4,98.98,15.22,0.9,0.0,91.37,1000000,1000000,"[0.0, 90.09, 612.0, 474.66]",AAPL_10K_20250927_p0035_equity.raw.csv,AAPL_10K_20250927_p0035_equity.norm.csv
0000320193-25-000079,AAPL_10K_20250927,36,cash_flows,accepted,camelot-stream,False,2,stream>network>lattice,38,4,99.44,15.13,0.947,0.0,91.88,1000000,1000000,"[0.0, 85.15, 612.0, 642.55]",AAPL_10K_20250927_p0036_cash_flows.raw.csv,AAPL_10K_20250927_p0036_cash_flows.norm.csv
